id,futbin_name,ustat_name,score
172879,Sokratis Papastathopoulos,Sokratis,53.65853658536585
176635,Mesut Özil,Mesut Özil,54.54545454545455
205083,Fayçal Fajr,Faycal Fajr,54.54545454545455
170084,Wayne Hennessey,Wayne Hennessey,56.25
194958,Mooy,Aaron Mooy,57.142857142857146
231361,Joris Gnagnon,Joris Gnagnon,58.333333333333336
172143,Lasse Schøne,Lasse Schöne,58.333333333333336
176285,Winston Reid,Winston Reid,60.0
218066,Mbwana Ally Samatta,Mbwana Samatta,60.60606060606061
150724,Joe Hart,Joe Hart,60.869565217391305
216655,Bartolomeu Quissanga,Bartolomeu Quissanga,61.111111111111114
204366,Jürgen Locadia,Jürgen Locadia,61.53846153846154
47201,Silvio Proto,Silvio Proto,61.53846153846154
196801,Edson Andre Sitoe,Mexer,62.857142857142854
240190,Kunde Malong,Kunde Malong,63.63636363636363
189461,Jack Wilshere,Jack Wilshere,64.0
191628,Leandro Chichizola,Leandro Chichizola,64.70588235294117
170733,Gervais Yao Kouassi,Gervinho,64.70588235294117
192622,Shane Duffy,Shane Duffy,66.66666666666666
242236,Francisco Reis Ferreira,Ferro,66.66666666666666
192366,Nicolás Otamendi,Nicolás Otamendi,66.66666666666666
189157,Yannick Bolasie,Yannick Bolasie,66.66666666666666
209620,Abdul Rahman Baba,Abdul Rahman Baba,68.57142857142857
213400,Diego Laxalt,Diego Laxalt,69.23076923076923
167664,Gonzalo Higuaín,Gonzalo Higuaín,70.0
220932,Lovre Kalinic,Lovre Kalinic,70.0
194957,Phil Jones,Phil Jones,70.0
207537,Jordan Lukaku,Jordan Lukaku,70.58823529411765
167628,Stéphane Ruffier,Stéphane Ruffier,70.96774193548387
212814,João Mário Naval Costa Eduardo,João Mário,71.42857142857143
199767,Marco van Ginkel,Marco van Ginkel,71.42857142857143
232099,Marko Grujić,Marko Grujic,71.42857142857143
183497,Orestis Karnezis,Orestis Karnezis,71.42857142857143
200529,Nacer Chadli,Nacer Chadli,72.0
229712,Jorge Marco de Oliveira Moraes,Jorge,72.72727272727272
222429,Andrés Cubas,Adrián Cubas,75.0
162131,Llorente Torres,Fernando Llorente,75.0
219571,Camarasa,Víctor Camarasa,76.19047619047619
177610,Javier Martínez Aginaga,Javi Martínez,76.19047619047619
212183,José Ignacio Martínez García,Nacho,76.19047619047619
172962,Victor Moses,Victor Moses,76.92307692307692
231640,Javier Ontiveros Parra,Javi Ontiveros,78.26086956521739
158963,Lucas Biglia,Lucas Biglia,78.26086956521739
201862,Marcos Rojo,Marcos Rojo,80.0
204120,Tomáš Vaclík,Tomás Vaclik,83.33333333333333
234568,Gedson Fernandes,Gedson Fernandes,85.71428571428571
212911,Hernâni,Hernani,85.71428571428571
233265,Rémi Oudin,Remi Oudin,90.0
234128,Luiz Araújo,Luiz Araujo,90.9090909090909
188427,Senad Lulić,Senad Lulic,90.9090909090909
198949,Kévin Malcuit,Kevin Malcuit,92.3076923076923
222160,Youssouf Koné,Youssouf Kone,92.3076923076923
178250,Papakouli Diop,Papakouly Diop,92.85714285714286
228736,Wuilker Faríñez,Wuilker Fariñez,93.33333333333333
173771,Łukasz Piszczek,Lukasz Piszczek,93.33333333333333
205362,Matija Nastasić,Matija Nastasic,93.33333333333333
224949,Javairô Dilrosun,Javairo Dilrosun,93.75
216451,Jean Michaël Seri,Jean Michael Seri,94.11764705882354
208449,Christophe Hérelle,Christophe Herelle,94.44444444444444
178372,Branislav Ivanović,Branislav Ivanovic,94.44444444444444
195586,Alfreð Finnbogason,Alfred Finnbogason,94.44444444444444
201073,Nicolas De Préville,Nicolas de Preville,94.73684210526315
202330,Abdoulay Diaby,Abdoulaye Diaby,96.55172413793103
226414,Marcus Coco,Marcus Coco,100.0
198200,Benjamin Stambouli,Benjamin Stambouli,100.0
222515,Zinedine Ferhat,Zinedine Ferhat,100.0
215245,Adrien Hunou,Adrien Hunou,100.0
218359,Didier Ndong,Didier Ndong,100.0
160741,David Abraham,David Abraham,100.0
216466,Wendell,Wendell,100.0
211099,Opa Nguette,Opa Nguette,100.0
210450,Abdoulaye Touré,Abdoulaye Touré,100.0
203483,Davy Klaassen,Davy Klaassen,100.0
172862,Niklas Moisander,Niklas Moisander,100.0
190483,Douglas Costa,Douglas Costa,100.0
204240,Baptiste Reynet,Baptiste Reynet,100.0
212886,Wylan Cyprien,Wylan Cyprien,100.0
190264,Iago Falqué Silva,Iago,100.0
201956,Salif Sané,Salif Sané,100.0
215466,Nikola Maksimovic,Nikola Maksimovic,100.0
189068,Bas Dost,Bas Dost,100.0
198077,Patrick Herrmann,Patrick Herrmann,100.0
210282,Bruno da Silva Peres,Bruno,100.0
201508,Gastón Ramírez,Gastón Ramírez,100.0
228386,Pape Abou Cissé,Pape Abou Cissé,100.0
193532,Gary Medel,Gary Medel,100.0
210287,Jhon Córdoba,Jhon Córdoba,100.0
183498,Marco Parolo,Marco Parolo,100.0
179783,Ralf Fährmann,Ralf Fährmann,100.0
179846,Sami Khedira,Sami Khedira,100.0
1179,Gianluigi Buffon,Gianluigi Buffon,100.0
178518,Radja Nainggolan,Radja Nainggolan,100.0
194728,Ishak Belfodil,Ishak Belfodil,100.0
193470,Arnaud Souquet,Arnaud Souquet,100.0
186547,Mateo Musacchio,Mateo Musacchio,100.0
178160,Thomas Mangani,Thomas Mangani,100.0
212449,Mateo Pavlovic,Mateo Pavlovic,100.0
134779,Jimmy Briand,Jimmy Briand,100.0
215930,Tin Jedvaj,Tin Jedvaj,100.0
227647,Maximilian Mittelstädt,Maximilian Mittelstädt,100.0
232244,Santiago Ascacibar,Santiago Ascacibar,100.0
240046,João Victor,João Victor,100.0
207562,Sebastian Andersson,Sebastian Andersson,100.0
236947,Jordan Torunarigha,Jordan Torunarigha,100.0
235899,Deyovaisio Zeefuik,Deyovaisio Zeefuik,100.0
221797,Erik Thommy,Erik Thommy,100.0
213296,Nabil Bentaleb,Nabil Bentaleb,100.0
211999,Rani Khedira,Rani Khedira,100.0
211879,Janik Haberer,Janik Haberer,100.0
193886,Daniel Didavi,Daniel Didavi,100.0
191565,Yuya Osako,Yuya Osako,100.0
190854,Peter Pekarík,Peter Pekarík,100.0
190520,Tony Jantschke,Tony Jantschke,100.0
189390,Bastian Oczipka,Bastian Oczipka,100.0
189060,Aleksandar Dragovic,Aleksandar Dragovic,100.0
189043,Daniel Brosinski,Daniel Brosinski,100.0
183909,Ibrahima Traoré,Ibrahima Traoré,100.0
229221,William,William Saliba,100.0
206198,Dominique Heintz,Dominique Heintz,100.0
139860,Jérémy Morel,Jérémy Morel,100.0
208451,Robin Quaison,Robin Quaison,100.0
207894,Tobias Strobl,Tobias Strobl,100.0
144429,Oscar Wendt,Oscar Wendt,100.0
234569,Florentino Morris Luís,Florentino Luís,100.0
185239,Ömer Toprak,Ömer Toprak,100.0
237207,Samuel Kalu,Samuel Kalu,100.0
190416,Damien Le Tallec,Damien Le Tallec,100.0
188388,Ryad Boudebouz,Ryad Boudebouz,100.0
186330,Theodor Gebre Selassie,Theodor Gebre Selassie,100.0
234045,Henry Onyekuru,Henry Onyekuru,100.0
189681,Rafael Pereira da Silva,Rafael,100.0
240976,Marcelo Saracchi,Marcelo Saracchi,100.0
188770,Admir Mehmedi,Admir Mehmedi,100.0
192445,Daniel Ginczek,Daniel Ginczek,100.0
208520,Hiroki Sakai,Hiroki Sakai,100.0
201315,Pablo Nascimento Castro,Pablo,100.0
192557,Marvin Plattenhardt,Marvin Plattenhardt,100.0
158626,Mathieu Debuchy,Mathieu Debuchy,100.0
192663,Fabian Klos,Fabian Klos,100.0
204105,Kenny Lala,Kenny Lala,100.0
187052,Yann M'Vila,Yann M&#039;Vila,100.0
206591,Mitchell Weiser,Mitchell Weiser,100.0
153260,Vitorino Hilton da Silva,Hilton,100.0
204970,Florian Thauvin,Florian Thauvin,100.0
164376,Graziano Pellè,Graziano Pellè,100.0
185174,Andrea Poli,Andrea Poli,100.0
169792,Jay Rodriguez,Jay Rodriguez,100.0
212722,DeAndre Yedlin,DeAndre Yedlin,100.0
200746,John Lundstram,John Lundstram,100.0
155946,Robert Snodgrass,Robert Snodgrass,100.0
216266,Kenny Tete,Kenny Tete,100.0
205186,Paulo Gazzaniga,Paulo Gazzaniga,100.0
189177,John Fleck,John Fleck,100.0
186395,Matt Ritchie,Matt Ritchie,100.0
186190,Patrick van Aanholt,Patrick van Aanholt,100.0
186143,Oliver Norwood,Oliver Norwood,100.0
185195,Odion Ighalo,Odion Ighalo,100.0
184274,Chris Basham,Chris Basham,100.0
164468,Gary Cahill,Gary Cahill,100.0
200855,George Baldock,George Baldock,100.0
212300,Jack O'Connell,Jack O&#039;Connell,100.0
205525,Bernard Anício Caldeira Duarte,Bernard,100.0
204936,John Egan,John Egan,100.0
192546,Enda Stevens,Enda Stevens,100.0
228092,Sander Berge,Sander Berge,100.0
179944,David Luiz Moreira Marinho,David Luiz,100.0
180403,Willian Borges da Silva,Willian,100.0
184087,Toby Alderweireld,Toby Alderweireld,100.0
201953,Juan Sánchez Miño,Juan Sánchez Miño,100.0
186392,Joel Ward,Joel Ward,100.0
208622,Rubén Sobrino,Rubén Sobrino,100.0
188253,James McCarthy,James McCarthy,100.0
194911,Adrián San Miguel Castillo,Adrián,100.0
237715,Patrick Cutrone,Patrick Cutrone,100.0
225144,Percy Tau,Percy Tau,100.0
200478,Hendrick,Jeff Hendrick,100.0
182184,Dale Stephens,Dale Stephens,100.0
237560,Moussa Djenepo,Moussa Djenepo,100.0
228229,Fabián Balbuena,Fabián,100.0
220031,Oliver McBurnie,Oliver McBurnie,100.0
216774,Wesley Hoedt,Wesley,100.0
212267,Ivan Cavaleiro,Ivan Cavaleiro,100.0
204355,Paul Dummett,Paul Dummett,100.0
202697,Jack Stephens,Jack Stephens,100.0
201884,Robbie Brady,Robbie Brady,100.0
193849,Conor Hourihane,Conor Hourihane,100.0
192991,Cenk Tosun,Cenk Tosun,100.0
188166,Matt Phillips,Matt Phillips,100.0
186115,Kieran Gibbs,Kieran Gibbs,100.0
184037,Martin Kelly,Martin Kelly,100.0
179591,Pablo Hernández,Pablo Hernández,100.0
139062,Willy Caballero,Willy Caballero,100.0
228414,Matheus Fellipe Costa Pereira,Matheus Pereira,100.0
224263,Jonjoe Kenny,Jonjoe Kenny,100.0
212150,Max Meyer,Max Meyer,100.0
210972,Manquillo,Javier Manquillo,100.0
193158,Davy Pröpper,Davy Pröpper,100.0
161648,Ben Arfa,Hatem Ben Arfa,100.0
194761,Borja García Freire,Borja,100.0
209669,Dimitrios Siovas,Dimitrios Siovas,100.0
193152,Iago Herrerín Buisán,Iago,100.0
146296,Andrés Eduardo Fernández Moreno,Andrés Fernández,100.0
110677,Miguel Ángel Moyá Rumbo,Ángel,100.0
199416,Ibai Gómez Pérez,Ibai Gómez,100.0
192492,Fabián Orellana,Fabián,100.0
182002,Sidnei Rechel da Silva Júnior,Sidnei,100.0
175379,Pedro León,Pedro León,100.0
179844,Diego da Silva Costa,Diego Costa,100.0
199575,Jordi Masip López,Jordi Masip,100.0
177458,Sven Bender,Sven Bender,100.0
224933,Kevin Lasagna,Kevin,100.0
236311,Marko Rog,Marko Rog,100.0
235866,Christian Kouamé,Christian Kouamé,100.0
231826,Yann Karamoh,Yann Karamoh,100.0
229636,Gastón Pereiro,Gastón Pereiro,100.0
201943,Andreas Cornelius,Andreas Cornelius,100.0
191053,Tomás Rincón,Tomás Rincón,100.0
190547,Kamil Glik,Kamil Glik,100.0
189484,Davide Santon,Davide Santon,100.0
169115,Andrea Masiello,Andrea Masiello,100.0
161805,Valon Behrami,Valon Behrami,100.0
152999,Rodrigo Palacio,Rodrigo,100.0
186832,Kwadwo Asamoah,Kwadwo Asamoah,100.0
205114,Takashi Inui,Takashi Inui,100.0
194879,Sergi Enrich Ametller,Sergi Enrich,100.0
207471,Franco Vázquez,Franco Vázquez,100.0
229624,Sergi Guardiola,Sergi Guardiola,100.0
231640,Javi Ontiveros,Javi Ontiveros,100.0
231414,Waldo Rubio Martin,Waldo Rubio,100.0
225562,Martín Merquelanz,Martín Merquelanz,100.0
211231,Ramón Azeez,Ramón Azeez,100.0
200519,Pulido,Jorge Pulido,100.0
199986,Arbilla,Anaitz Arbilla,100.0
199667,Ramiro Funes Mori,Ramiro Funes Mori,100.0
199158,Sergio Álvarez,Sergio Álvarez,100.0
193844,Portillo,Francisco Portillo,100.0
191210,Sébastien Corchia,Sébastien Corchia,100.0
186684,Kiko Olivas,Kiko Olivas,100.0
161956,Borja Valero,Borja,100.0
185181,Yoel,Yoel,100.0
176915,Augusto Fernández,Augusto Fernández,100.0
173818,Adrián López Álvarez,Adrián,100.0
172316,Coke,Coke,100.0
172287,Manu García,Manu García,100.0
215259,Emiliano Rigoni,Emiliano Rigoni,100.0
229359,Miramón,Jorge Miramón,100.0
215616,Jason,Jason,100.0
210679,Paulo Oliveira,Paulo Oliveira,100.0
208621,Óscar Plano,Óscar Plano,100.0
204757,Toño García,Toño,100.0
229764,Córdoba,Iñigo Córdoba,100.0
183666,Roberto,Roberto Jiménez,100.0
177457,Lars Bender,Lars Bender,100.0
